Date,BND,EEM,^DJI,^FCHI,^FTSE,^GDAXI,^GSPC,^HSI,^IXIC,^N225
2022-12-02,71.25861358642578,38.64365005493164,34429.87890625,6742.25,7556.2001953125,14529.3896484375,4071.699951171875,18675.349609375,11461.5,27777.900390625
2022-12-05,70.6962890625,38.20384979248047,33947.1015625,6696.9599609375,7567.5,14447.6103515625,3998.840087890625,19518.2890625,11239.9404296875,27820.400390625
2022-12-06,70.92898559570312,38.15498352050781,33596.33984375,6687.7900390625,7521.39990234375,14343.1904296875,3941.260009765625,19441.1796875,11014.8896484375,27885.869140625
2022-12-07,71.5494613647461,37.930198669433594,33597.921875,6660.58984375,7489.2001953125,14261.1904296875,3933.919921875,18814.8203125,10958.5498046875,27686.400390625
2022-12-08,71.34584045410156,38.38954162597656,33781.48046875,6647.31005859375,7472.2001953125,14264.5595703125,3963.510009765625,19450.23046875,11082.0,27574.4296875
2022-12-09,70.92898559570312,38.13543701171875,33476.4609375,6677.64013671875,7476.60009765625,14370.7197265625,3934.3798828125,19900.869140625,11004.6201171875,27901.009765625
2022-12-12,70.92898559570312,38.018157958984375,34005.0390625,6650.5498046875,7446.0,14306.6298828125,3990.56005859375,19463.630859375,11143.740234375,27842.330078125
2022-12-13,71.41372680664062,38.2900276184082,34108.640625,6744.97998046875,7502.89990234375,14497.8896484375,4019.64990234375,19596.19921875,11256.8095703125,27954.849609375
2022-12-14,71.58824920654297,38.309871673583984,33966.3515625,6730.7900390625,7495.89990234375,14460.2001953125,3995.320068359375,19673.44921875,11170.8896484375,28156.2109375
2022-12-15,71.62700653076172,37.42679214477539,33202.21875,6522.77001953125,7426.2001953125,13986.23046875,3895.75,19368.58984375,10810.5302734375,28051.69921875
2022-12-16,71.44281768798828,37.53593826293945,32920.4609375,6452.6298828125,7332.10009765625,13893.0703125,3852.360107421875,19450.669921875,10705.41015625,27527.119140625
2022-12-19,71.01622009277344,37.56570053100586,32757.5390625,6473.2900390625,7361.2998046875,13942.8701171875,3817.659912109375,19352.810546875,10546.0302734375,27237.640625
2022-12-20,70.55085754394531,37.55577850341797,32849.73828125,6450.43017578125,7370.60009765625,13884.66015625,3821.6201171875,19094.80078125,10547.1103515625,26568.029296875
2022-12-21,70.71569061279297,37.89313507080078,33376.48046875,6580.240234375,7497.2998046875,14097.8203125,3878.43994140625,19160.490234375,10709.3701171875,26387.720703125
2022-12-22,70.70597839355469,37.55577850341797,33027.48828125,6517.97021484375,7469.2998046875,13914.0703125,3822.389892578125,19679.220703125,10476.1201171875,26507.869140625
2022-12-23,70.48442840576172,37.506168365478516,33203.9296875,6504.89990234375,7473.0,13940.9296875,3844.820068359375,19593.060546875,10497.8603515625,26235.25
2022-12-27,69.9402084350586,38.06181716918945,33241.55859375,6550.66015625,7473.0,13995.099609375,3829.25,19593.060546875,10353.23046875,26447.869140625
2022-12-28,69.84303283691406,37.506168365478516,32875.7109375,6510.490234375,7497.2001953125,13925.599609375,3783.219970703125,19898.91015625,10213.2900390625,26340.5
2022-12-29,70.10540771484375,38.13127136230469,33220.80078125,6573.47021484375,7512.7001953125,14071.7197265625,3849.280029296875,19741.140625,10478.08984375,26093.669921875
2022-12-30,69.81387329101562,37.60539245605469,33147.25,6473.759765625,7451.7001953125,13923.58984375,3839.5,19781.41015625,10466.48046875,26094.5
2023-01-03,70.18315887451172,37.92290496826172,33136.37109375,6623.89013671875,7554.10009765625,14181.669921875,3824.139892578125,20145.2890625,10386.98046875,26094.5
2023-01-04,70.58158874511719,39.063961029052734,33269.76953125,6776.43017578125,7585.2001953125,14490.7802734375,3852.969970703125,20793.109375,10458.759765625,25716.859375
2023-01-05,70.50386810302734,38.94489669799805,32930.078125,6761.5,7633.5,14436.3095703125,3808.10009765625,21052.169921875,10305.240234375,25820.80078125
2023-01-06,71.2812728881836,39.758522033691406,33630.609375,6860.9501953125,7699.5,14610.01953125,3895.080078125,20991.640625,10569.2900390625,25973.849609375
2023-01-09,71.47563934326172,40.056190490722656,33517.6484375,6907.35986328125,7724.89990234375,14792.830078125,3892.090087890625,21388.33984375,10635.650390625,25973.849609375
2023-01-10,71.19384002685547,40.343936920166016,33704.1015625,6869.14013671875,7694.5,14774.599609375,3919.25,21331.4609375,10742.6298828125,26175.560546875
2023-01-11,71.57283782958984,40.51261520385742,33973.01171875,6924.18994140625,7725.0,14947.91015625,3969.610107421875,21436.05078125,10931.669921875,26446.0
2023-01-12,72.12675476074219,40.7110595703125,34189.96875,6975.68017578125,7794.0,15058.2998046875,3983.169921875,21514.099609375,11001.099609375,26449.8203125
2023-01-13,71.8837890625,40.97896194458008,34302.609375,7023.5,7844.10009765625,15086.51953125,3999.090087890625,21738.66015625,11079.16015625,26119.51953125
2023-01-17,71.78662872314453,40.75074768066406,33910.8515625,7077.16015625,7851.0,15187.0703125,3990.969970703125,21577.640625,11095.1103515625,26138.6796875
2023-01-18,72.44745635986328,40.47292709350586,33296.9609375,7083.39013671875,7830.7001953125,15181.7998046875,3928.860107421875,21678.0,10957.009765625,26791.119140625
2023-01-19,72.30168914794922,40.780513763427734,33044.55859375,6951.8701171875,7747.2998046875,14920.3603515625,3898.85009765625,21650.98046875,10852.26953125,26405.23046875
2023-01-20,71.9809799194336,41.405616760253906,33375.48828125,6995.990234375,7770.60009765625,15033.5595703125,3972.610107421875,22044.650390625,11140.4296875,26553.529296875
2023-01-23,71.80606079101562,41.703285217285156,33629.55859375,7032.02001953125,7784.7001953125,15102.9501953125,4019.81005859375,22044.650390625,11364.41015625,26906.0390625
2023-01-24,72.12675476074219,41.733055114746094,33733.9609375,7050.47998046875,7757.39990234375,15093.1103515625,4016.949951171875,22044.650390625,11334.26953125,27299.189453125
2023-01-25,72.21420288085938,41.77273941040039,33743.83984375,7043.8798828125,7744.89990234375,15081.6396484375,4016.219970703125,22044.650390625,11313.3603515625,27395.009765625
2023-01-26,72.07816314697266,42.16963195800781,33949.41015625,7095.990234375,7761.10009765625,15132.849609375,4060.429931640625,22566.779296875,11512.41015625,27362.75
2023-01-27,72.00041198730469,41.971187591552734,33978.078125,7097.2099609375,7765.2001953125,15150.0302734375,4070.56005859375,22688.900390625,11621.7099609375,27382.560546875
2023-01-30,71.79634094238281,41.1277961730957,33717.08984375,7082.009765625,7784.89990234375,15126.080078125,4017.77001953125,22069.73046875,11393.8095703125,27433.400390625
2023-01-31,72.12675476074219,41.03849411010742,34086.0390625,7082.419921875,7771.7001953125,15128.26953125,4076.60009765625,21842.330078125,11584.5498046875,27327.109375
2023-02-01,72.5904312133789,41.54452896118164,34092.9609375,7077.10986328125,7761.10009765625,15180.740234375,4119.2099609375,22072.1796875,11816.3203125,27346.880859375
2023-02-02,72.63912963867188,41.296470642089844,34053.94140625,7166.27001953125,7820.2001953125,15509.1904296875,4179.759765625,21958.359375,12200.8203125,27402.05078125
2023-02-03,71.99622344970703,40.562225341796875,33926.01171875,7233.93994140625,7901.7998046875,15476.4296875,4136.47998046875,21660.470703125,12006.9501953125,27509.4609375
2023-02-06,71.54813385009766,39.966888427734375,33891.01953125,7137.10009765625,7836.7001953125,15345.91015625,4111.080078125,21222.16015625,11887.4501953125,27693.650390625
2023-02-07,71.45071411132812,40.12564468383789,34156.69140625,7132.35009765625,7864.7001953125,15320.8798828125,4164.0,21298.69921875,12113.7900390625,27685.470703125
2023-02-08,71.57735443115234,40.07603454589844,33949.01171875,7119.830078125,7885.2001953125,15412.0498046875,4117.85986328125,21283.51953125,11910.51953125,27606.4609375
2023-02-09,71.28511810302734,40.26456069946289,33699.87890625,7188.35986328125,7911.2001953125,15523.419921875,4081.5,21624.359375,11789.580078125,27584.349609375
2023-02-10,70.98316192626953,39.877586364746094,33869.26953125,7129.72998046875,7882.5,15307.98046875,4090.4599609375,21190.419921875,11718.1201171875,27670.98046875
2023-02-13,71.17796325683594,40.20502471923828,34245.9296875,7208.58984375,7947.60009765625,15397.33984375,4137.2900390625,21164.419921875,11891.7900390625,27427.3203125
2023-02-14,70.93445587158203,40.13557052612305,34089.26953125,7213.81005859375,7953.89990234375,15380.5595703125,4136.1298828125,21113.759765625,11960.150390625,27602.76953125
2023-02-15,70.7785873413086,39.79821014404297,34128.05078125,7300.85986328125,7997.7998046875,15506.33984375,4147.60009765625,20812.169921875,12070.58984375,27501.859375
2023-02-16,70.5058364868164,39.80813217163086,33696.8515625,7366.16015625,8012.5,15533.6396484375,4090.409912109375,20987.669921875,11855.830078125,27696.439453125
2023-02-17,70.66168212890625,39.37155532836914,33826.69140625,7347.72021484375,8004.39990234375,15482.0,4079.090087890625,20719.810546875,11787.26953125,27513.130859375
2023-02-21,70.04800415039062,38.87544250488281,33129.58984375,7308.64990234375,7977.7998046875,15397.6201171875,3997.340087890625,20529.490234375,11492.2998046875,27473.099609375
2023-02-22,70.20387268066406,38.686920166015625,33045.08984375,7299.259765625,7930.60009765625,15399.8896484375,3991.050048828125,20423.83984375,11507.0703125,27104.3203125
2023-02-23,70.45714569091797,38.87544250488281,33153.91015625,7317.43017578125,7907.7001953125,15475.6904296875,4012.320068359375,20351.349609375,11590.400390625,27104.3203125
2023-02-24,70.06748962402344,38.002281188964844,32816.921875,7187.27001953125,7878.7001953125,15209.740234375,3970.0400390625,20010.0390625,11394.9404296875,27453.48046875
2023-02-27,70.18438720703125,38.20072555541992,32889.08984375,7295.5498046875,7935.10009765625,15381.4296875,3982.239990234375,19943.509765625,11466.98046875,27423.9609375
2023-02-28,70.20387268066406,37.932823181152344,32656.69921875,7267.93017578125,7876.2998046875,15365.1396484375,3970.14990234375,19785.939453125,11455.5400390625,27445.560546875
2023-03-01,69.7879638671875,38.7464485168457,32661.83984375,7234.25,7914.89990234375,15305.01953125,3951.389892578125,20619.7109375,11379.48046875,27516.529296875
2023-03-02,69.64151000976562,38.88536071777344,33003.5703125,7284.22021484375,7944.0,15327.6396484375,3981.35009765625,20429.4609375,11462.98046875,27498.869140625
2023-03-03,70.1784896850586,39.232643127441406,33390.96875,7348.1201171875,7947.10009765625,15578.3896484375,4045.639892578125,20567.5390625,11689.009765625,27927.470703125
2023-03-06,70.01250457763672,39.09373092651367,33431.44140625,7373.2099609375,7929.7998046875,15653.580078125,4048.419921875,20603.189453125,11675.740234375,28237.779296875
2023-03-07,69.93440246582031,38.43886184692383,32856.4609375,7339.27001953125,7919.5,15559.5302734375,3986.3701171875,20534.48046875,11530.330078125,28309.16015625
2023-03-08,69.87581634521484,38.597618103027344,32798.3984375,7324.759765625,7929.89990234375,15631.8701171875,3992.010009765625,20051.25,11576.0,28444.189453125
2023-03-09,70.11013793945312,37.74430465698242,32254.859375,7315.8798828125,7880.0,15633.2099609375,3918.320068359375,19925.740234375,11338.349609375,28623.150390625
2023-03-10,70.94979095458984,37.54585647583008,31909.640625,7220.669921875,7748.39990234375,15427.9697265625,3861.590087890625,19319.919921875,11138.8896484375,28143.970703125
2023-03-13,71.51605987548828,37.60539245605469,31819.140625,7011.5,7548.60009765625,14959.4697265625,3855.760009765625,19695.970703125,11188.83984375,27832.9609375
2023-03-14,71.06693267822266,37.6252326965332,32155.400390625,7141.56982421875,7637.10009765625,15232.830078125,3919.2900390625,19247.9609375,11428.150390625,27222.0390625
2023-03-15,71.7991943359375,36.980289459228516,31874.5703125,6885.7099609375,7344.5,14735.259765625,3891.929931640625,19539.869140625,11434.0498046875,27229.48046875
2023-03-16,71.45747375488281,37.54585647583008,32246.55078125,7025.72021484375,7410.0,14967.099609375,3960.280029296875,19203.91015625,11717.2802734375,27010.609375
2023-03-17,71.97492218017578,37.31764602661133,31861.98046875,6925.39990234375,7335.39990234375,14768.2001953125,3916.639892578125,19518.58984375,11630.509765625,27333.7890625
2023-03-20,71.66251373291016,37.45655822753906,32244.580078125,7013.14013671875,7403.89990234375,14933.3798828125,3951.570068359375,19000.7109375,11675.5400390625,26945.669921875
2023-03-21,71.46723175048828,37.793914794921875,32560.599609375,7112.91015625,7536.2001953125,15195.33984375,4002.8701171875,19258.759765625,11860.1103515625,26945.669921875
2023-03-22,72.10185241699219,37.9427490234375,32030.109375,7131.1201171875,7566.7998046875,15216.1904296875,3936.969970703125,19591.4296875,11669.9599609375,27466.609375
2023-03-23,72.26781463623047,38.4686279296875,32105.25,7139.25,7499.60009765625,15210.3896484375,3948.719970703125,20049.640625,11787.400390625,27419.609375
2023-03-24,72.41426849365234,38.36940383911133,32237.529296875,7015.10009765625,7405.5,14957.23046875,3970.989990234375,19915.6796875,11823.9599609375,27385.25
2023-03-27,71.66251373291016,38.16103744506836,32432.080078125,7078.27001953125,7471.7998046875,15127.6796875,3977.530029296875,19567.689453125,11768.83984375,27476.869140625
2023-03-28,71.53557586669922,38.70676040649414,32394.25,7088.33984375,7484.2998046875,15142.01953125,3971.27001953125,19784.650390625,11716.080078125,27518.25
2023-03-29,71.6136703491211,38.8159065246582,32717.599609375,7186.990234375,7564.2998046875,15328.7802734375,4027.81005859375,20192.400390625,11926.240234375,27883.779296875
2023-03-30,71.71131896972656,39.20287322998047,32859.03125,7263.3701171875,7620.39990234375,15522.400390625,4050.830078125,20309.130859375,12013.4697265625,27782.9296875
2023-03-31,72.08232116699219,39.153263092041016,33274.1484375,7322.39013671875,7631.7001953125,15628.83984375,4109.31005859375,20400.109375,12221.91015625,28041.48046875
2023-04-03,72.38867950439453,39.232643127441406,33601.1484375,7345.9599609375,7673.0,15580.919921875,4124.509765625,20409.1796875,12189.4501953125,28188.150390625
2023-04-04,72.68230438232422,39.232643127441406,33402.37890625,7344.9599609375,7634.5,15603.4697265625,4100.60009765625,20274.58984375,12126.330078125,28287.419921875
2023-04-05,72.8780517578125,38.925052642822266,33482.71875,7316.2998046875,7662.89990234375,15520.169921875,4090.3798828125,20274.58984375,11996.8603515625,27813.259765625
2023-04-06,72.85847473144531,39.08380889892578,33485.2890625,7324.75,7741.60009765625,15597.8896484375,4105.02001953125,20331.19921875,12087.9599609375,27472.630859375
2023-04-10,72.36910247802734,39.123497009277344,33586.51953125,7324.75,7741.60009765625,15597.8896484375,4109.10986328125,20331.19921875,12084.3603515625,27633.66015625
2023-04-11,72.39845275878906,39.361629486083984,33684.7890625,7390.27978515625,7785.7001953125,15655.169921875,4108.93994140625,20485.240234375,12031.8798828125,27923.369140625
2023-04-12,72.47675323486328,39.08380889892578,33646.5,7396.93994140625,7824.7998046875,15703.599609375,4091.949951171875,20309.859375,11929.33984375,28082.69921875
2023-04-13,72.43761444091797,39.61960983276367,34029.69140625,7480.830078125,7843.39990234375,15729.4599609375,4146.22021484375,20344.48046875,12166.26953125,28156.970703125
2023-04-14,72.1146240234375,39.4112434387207,33886.46875,7519.60986328125,7871.89990234375,15807.5,4137.64013671875,20438.810546875,12123.4697265625,28493.470703125
2023-04-17,71.72311401367188,39.57992172241211,33987.1796875,7498.18017578125,7879.5,15789.5302734375,4151.31982421875,20782.44921875,12157.7197265625,28514.779296875
2023-04-18,71.8307876586914,39.530311584472656,33976.62890625,7533.6298828125,7909.39990234375,15882.669921875,4154.8701171875,20650.509765625,12153.41015625,28658.830078125
2023-04-19,71.73290252685547,39.133419036865234,33897.01171875,7549.43994140625,7898.7998046875,15895.2001953125,4154.52001953125,20367.759765625,12157.23046875,28606.759765625
2023-04-20,72.04609680175781,39.07388687133789,33786.62109375,7538.7099609375,7902.60009765625,15795.9697265625,4129.7900390625,20396.970703125,12059.5595703125,28657.5703125
2023-04-21,71.91886901855469,38.70676040649414,33808.9609375,7577.0,7914.10009765625,15881.66015625,4133.52001953125,20075.73046875,12072.4599609375,28564.369140625
2023-04-24,72.20269775390625,38.61745834350586,33875.3984375,7573.85986328125,7912.2001953125,15863.9501953125,4137.0400390625,19959.939453125,12037.2001953125,28593.51953125
2023-04-25,72.67250061035156,37.89313507080078,33530.828125,7531.60986328125,7891.10009765625,15872.1298828125,4071.6298828125,19617.880859375,11799.16015625,28620.0703125
2023-04-26,72.41802978515625,38.111427307128906,33301.87109375,7466.66015625,7852.60009765625,15795.73046875,4055.989990234375,19757.26953125,11854.349609375,28416.470703125
2023-04-27,72.1048355102539,38.627384185791016,33826.16015625,7483.83984375,7831.60009765625,15800.4501953125,4135.35009765625,19840.279296875,12142.240234375,28457.6796875
2023-04-28,72.5061264038086,38.825828552246094,34098.16015625,7491.5,7870.60009765625,15922.3798828125,4169.47998046875,19894.5703125,12226.580078125,28856.439453125
2023-05-01,71.76045989990234,38.69683837890625,34051.69921875,7491.5,7870.60009765625,15922.3798828125,4167.8701171875,19894.5703125,12212.599609375,29123.1796875
2023-05-02,72.46687316894531,38.319793701171875,33684.53125,7383.2001953125,7773.0,15726.9404296875,4119.580078125,19933.810546875,12080.509765625,29157.94921875
2023-05-03,72.77102661132812,38.26026153564453,33414.23828125,7403.830078125,7788.39990234375,15815.0595703125,4090.75,19699.16015625,12025.330078125,29157.94921875
2023-05-04,72.67292785644531,38.567848205566406,33127.73828125,7340.77001953125,7702.60009765625,15734.240234375,4061.219970703125,19948.73046875,11966.400390625,29157.94921875
2023-05-05,72.40800476074219,39.08380889892578,33674.37890625,7432.93017578125,7778.39990234375,15961.01953125,4136.25,20049.310546875,12235.41015625,29157.94921875
2023-05-08,72.06461334228516,39.10365295410156,33618.69140625,7440.91015625,7778.39990234375,15952.830078125,4138.1201171875,20297.029296875,12256.919921875,28949.880859375
2023-05-09,71.98612976074219,38.865516662597656,33561.80859375,7397.169921875,7764.10009765625,15955.48046875,4119.169921875,19867.580078125,12179.5498046875,29242.8203125
2023-05-10,72.42762756347656,38.84567642211914,33531.328125,7361.2001953125,7741.2998046875,15896.23046875,4137.64013671875,19762.19921875,12306.4404296875,29122.1796875
2023-05-11,72.66309356689453,38.70676040649414,33309.51171875,7381.77978515625,7730.60009765625,15834.91015625,4130.6201171875,19743.7890625,12328.509765625,29126.720703125
2023-05-12,72.28045654296875,38.250335693359375,33300.62109375,7414.85009765625,7754.60009765625,15913.8203125,4124.080078125,19627.240234375,12284.740234375,29388.30078125
2023-05-15,72.09404754638672,38.95481872558594,33348.6015625,7418.2099609375,7777.7001953125,15917.240234375,4136.27978515625,19971.130859375,12365.2099609375,29626.33984375
2023-05-16,71.91743469238281,38.67699432373047,33012.140625,7406.009765625,7751.10009765625,15897.9296875,4109.89990234375,19978.25,12343.0498046875,29842.990234375
2023-05-17,71.78987884521484,38.855594635009766,33420.76953125,7399.43994140625,7723.2001953125,15951.2998046875,4158.77001953125,19560.5703125,12500.5703125,30093.58984375
2023-05-18,71.49555206298828,38.6472282409668,33535.91015625,7446.89013671875,7742.2998046875,16163.3603515625,4198.0498046875,19727.25,12688.83984375,30573.9296875
2023-05-19,71.29932403564453,38.67699432373047,33426.62890625,7491.9599609375,7756.89990234375,16275.3798828125,4191.97998046875,19450.5703125,12657.900390625,30808.349609375
2023-05-22,71.27969360351562,38.9945068359375,33286.578125,7478.16015625,7771.0,16223.990234375,4192.6298828125,19678.169921875,12720.7802734375,31086.8203125
2023-05-23,71.32875061035156,38.38924789428711,33055.51171875,7378.7099609375,7763.0,16152.8603515625,4145.580078125,19431.25,12560.25,30957.76953125
2023-05-24,71.13252258300781,38.101505279541016,32799.921875,7253.4599609375,7627.10009765625,15842.1298828125,4115.240234375,19115.9296875,12484.16015625,30682.6796875
2023-05-25,70.86762237548828,38.022125244140625,32764.650390625,7229.27001953125,7570.89990234375,15793.7998046875,4151.27978515625,18746.919921875,12698.08984375,30801.130859375
2023-05-26,70.95592498779297,38.69683837890625,33093.33984375,7319.18017578125,7627.2001953125,15983.9697265625,4205.4501953125,18746.919921875,12975.6904296875,30916.310546875
2023-05-30,71.42687225341797,38.250335693359375,33042.78125,7209.75,7522.10009765625,15908.91015625,4205.52001953125,18595.779296875,13017.4296875,31328.16015625
2023-05-31,71.66234588623047,37.89313507080078,32908.26953125,7098.7001953125,7446.10009765625,15664.01953125,4179.830078125,18234.26953125,12935.2900390625,30887.880859375
2023-06-01,71.85611724853516,38.567848205566406,33061.5703125,7137.43017578125,7490.2998046875,15853.66015625,4221.02001953125,18216.91015625,13100.98046875,31148.009765625
2023-06-02,71.45281982421875,39.232643127441406,33762.76171875,7270.68994140625,7607.2998046875,16051.23046875,4282.3701171875,18949.939453125,13240.76953125,31524.220703125
2023-06-05,71.46266174316406,39.22271728515625,33562.859375,7200.91015625,7600.0,15963.8896484375,4273.7900390625,19108.5,13229.4296875,32217.4296875
2023-06-06,71.56101989746094,39.56999969482422,33573.28125,7209.0,7628.10009765625,15992.4404296875,4283.85009765625,19099.279296875,13276.419921875,32506.779296875
2023-06-07,71.15772247314453,39.400001525878906,33665.01953125,7202.7900390625,7624.2998046875,15960.5595703125,4267.52001953125,19252.0,13104.900390625,31913.740234375
2023-06-08,71.5118408203125,39.68000030517578,33833.609375,7222.14990234375,7599.7001953125,15989.9599609375,4293.93017578125,19299.1796875,13238.51953125,31641.26953125
2023-06-09,71.36430358886719,39.86000061035156,33876.78125,7213.14013671875,7562.39990234375,15949.83984375,4298.85986328125,19389.94921875,13259.1396484375,32265.169921875
2023-06-12,71.5118408203125,39.939998626708984,34066.328125,7250.35009765625,7570.7001953125,16097.8701171875,4338.93017578125,19404.310546875,13461.919921875,32434.0
2023-06-13,71.19706726074219,40.34000015258789,34212.12109375,7290.7998046875,7594.7998046875,16230.6796875,4369.009765625,19521.419921875,13573.3203125,33018.6484375
2023-06-14,71.25609588623047,40.63999938964844,33979.328125,7328.52978515625,7602.7001953125,16310.7900390625,4372.58984375,19408.419921875,13626.48046875,33502.421875
2023-06-15,71.69873046875,41.02000045776367,34408.05859375,7290.91015625,7628.2998046875,16290.1201171875,4425.83984375,19828.919921875,13782.8203125,33485.48828125
2023-06-16,71.5413589477539,40.880001068115234,34299.12109375,7388.64990234375,7642.7001953125,16357.6298828125,4409.58984375,20040.369140625,13689.5703125,33706.078125
2023-06-20,71.63972473144531,40.08000183105469,34053.87109375,7294.169921875,7569.2998046875,16111.3203125,4388.7099609375,19607.080078125,13667.2900390625,33388.91015625
2023-06-21,71.75775909423828,39.88999938964844,33951.51953125,7260.97021484375,7559.2001953125,16023.1298828125,4365.68994140625,19218.349609375,13502.2001953125,33575.140625
2023-06-22,71.41348266601562,39.75,33946.7109375,7203.27978515625,7502.0,15988.16015625,4381.89013671875,19218.349609375,13630.6103515625,33264.87890625
2023-06-23,71.62004852294922,39.16999816894531,33727.4296875,7163.419921875,7461.89990234375,15829.9404296875,4348.330078125,18889.970703125,13492.51953125,32781.5390625
2023-06-26,71.70857238769531,39.29999923706055,33714.7109375,7184.35009765625,7453.60009765625,15813.0595703125,4328.81982421875,18794.130859375,13335.7802734375,32698.810546875
2023-06-27,71.57086944580078,39.70000076293945,33926.73828125,7215.580078125,7461.5,15846.8603515625,4378.41015625,19148.130859375,13555.669921875,32538.330078125
2023-06-28,71.79710388183594,39.459999084472656,33852.66015625,7286.31982421875,7500.5,15949.0,4376.85986328125,19172.05078125,13591.75,33193.98828125
2023-06-29,71.25609588623047,39.25,34122.421875,7312.72998046875,7471.7001953125,15946.7197265625,4396.43994140625,18934.359375,13591.330078125,33234.140625
2023-06-30,71.50201416015625,39.560001373291016,34407.6015625,7400.06005859375,7531.5,16147.900390625,4450.3798828125,18916.4296875,13787.919921875,33189.0390625
2023-07-03,71.29885864257812,40.0,34418.46875,7386.7001953125,7527.2998046875,16081.0400390625,4455.58984375,19306.58984375,13816.76953125,33753.328125
2023-07-05,71.00301361083984,39.7599983215332,34288.640625,7310.81005859375,7442.10009765625,15937.580078125,4446.81982421875,19110.380859375,13791.650390625,33338.69921875
2023-07-06,70.54938507080078,38.95000076293945,33922.26171875,7082.2900390625,7280.5,15528.5400390625,4411.58984375,18533.05078125,13679.0400390625,32773.01953125
2023-07-07,70.50994873046875,39.38999938964844,33734.87890625,7111.8798828125,7256.89990234375,15603.400390625,4398.9501953125,18365.69921875,13660.7197265625,32388.419921875
2023-07-10,70.7564697265625,39.41999816894531,33944.3984375,7143.68994140625,7273.7998046875,15673.16015625,4409.52978515625,18479.720703125,13685.48046875,32189.73046875
2023-07-11,70.90440368652344,39.81999969482422,34261.421875,7220.009765625,7282.5,15790.33984375,4439.259765625,18659.830078125,13760.7001953125,32203.5703125
2023-07-12,71.46650695800781,40.709999084472656,34347.4296875,7333.009765625,7416.10009765625,16023.0,4472.16015625,18860.94921875,13918.9599609375,31943.9296875
2023-07-13,71.90040588378906,41.2400016784668,34395.140625,7369.7998046875,7440.2001953125,16141.0302734375,4510.0400390625,19350.619140625,14138.5703125,32419.330078125
2023-07-14,71.56511688232422,41.0099983215332,34509.03125,7374.5400390625,7434.60009765625,16105.0703125,4505.419921875,19413.779296875,14113.7001953125,32391.259765625
2023-07-17,71.64401245117188,41.060001373291016,34585.3515625,7291.66015625,7406.39990234375,16068.650390625,4522.7900390625,19413.779296875,14244.9501953125,32391.259765625
2023-07-18,71.7327651977539,40.7599983215332,34951.9296875,7319.18017578125,7453.7001953125,16125.490234375,4554.97998046875,19015.720703125,14353.6396484375,32493.890625
2023-07-19,71.90040588378906,40.68000030517578,35061.2109375,7326.93994140625,7588.2001953125,16108.9296875,4565.72021484375,18952.310546875,14358.01953125,32896.03125
2023-07-20,71.56511688232422,40.380001068115234,35225.1796875,7384.91015625,7646.10009765625,16204.2197265625,4534.8701171875,18928.01953125,14063.3095703125,32490.51953125
2023-07-21,71.61442565917969,40.31999969482422,35227.69140625,7432.77001953125,7663.7001953125,16177.2197265625,4536.33984375,19075.259765625,14032.8095703125,32304.25
2023-07-24,71.49608612060547,40.869998931884766,35411.23828125,7427.31005859375,7678.60009765625,16190.9501953125,4554.64013671875,18668.150390625,14058.8701171875,32700.939453125
2023-07-25,71.41719055175781,41.209999084472656,35438.0703125,7415.4501953125,7691.7998046875,16211.58984375,4567.4599609375,19434.400390625,14144.5595703125,32682.509765625
2023-07-26,71.65388488769531,41.45000076293945,35520.12109375,7315.06982421875,7676.89990234375,16131.4599609375,4566.75,19365.140625,14127.2802734375,32668.33984375
2023-07-27,71.0424575805664,40.939998626708984,35282.71875,7465.240234375,7692.7998046875,16406.029296875,4537.41015625,19639.109375,14050.1103515625,32891.16015625
2023-07-28,71.28900146484375,41.93000030517578,35459.2890625,7476.47021484375,7694.2998046875,16469.75,4582.22998046875,19916.560546875,14316.66015625,32759.23046875
2023-07-31,71.41719055175781,41.95000076293945,35559.53125,7497.77978515625,7699.39990234375,16446.830078125,4588.9599609375,20078.939453125,14346.01953125,33172.21875
2023-08-01,70.9751968383789,41.41999816894531,35630.6796875,7406.080078125,7666.2998046875,16240.400390625,4576.72998046875,20011.119140625,14283.91015625,33476.578125
2023-08-02,70.74778747558594,40.43000030517578,35282.51953125,7312.83984375,7561.60009765625,16020.01953125,4513.39013671875,19517.380859375,13973.4501953125,32707.689453125
2023-08-03,70.3127212524414,40.59000015258789,35215.890625,7260.52978515625,7529.2001953125,15893.3798828125,4501.89013671875,19420.869140625,13959.7197265625,32159.279296875
2023-08-04,70.89610290527344,40.540000915527344,35065.62109375,7315.06982421875,7564.39990234375,15951.8603515625,4478.02978515625,19539.4609375,13909.240234375,32192.75
2023-08-07,70.7873306274414,40.47999954223633,35473.12890625,7319.759765625,7554.5,15950.759765625,4518.43994140625,19537.919921875,13994.400390625,32254.560546875
2023-08-08,71.04441833496094,39.9900016784668,35314.48828125,7269.47021484375,7527.39990234375,15774.9296875,4499.3798828125,19184.169921875,13884.3203125,32377.2890625
2023-08-09,71.064208984375,40.09000015258789,35123.359375,7322.0400390625,7587.2998046875,15852.580078125,4467.7099609375,19246.029296875,13722.01953125,32204.330078125
2023-08-10,70.6686782836914,40.150001525878906,35176.1484375,7433.6201171875,7618.60009765625,15996.51953125,4468.830078125,19248.259765625,13737.990234375,32473.650390625
2023-08-11,70.4412612915039,39.560001373291016,35281.3984375,7340.18994140625,7524.2001953125,15832.169921875,4464.0498046875,19075.189453125,13644.849609375,32473.650390625
2023-08-14,70.3522720336914,39.369998931884766,35307.62890625,7348.83984375,7507.2001953125,15904.25,4489.72021484375,18773.55078125,13788.330078125,32059.91015625
2023-08-15,70.19405364990234,38.91999816894531,34946.390625,7267.7001953125,7389.60009765625,15767.2802734375,4437.85986328125,18581.109375,13631.0498046875,32238.890625
2023-08-16,69.9963150024414,38.56999969482422,34765.73828125,7260.25,7356.89990234375,15789.4501953125,4404.330078125,18329.30078125,13474.6298828125,31766.8203125
2023-08-17,69.92709350585938,38.65999984741211,34474.828125,7191.740234375,7310.2001953125,15676.900390625,4370.35986328125,18326.630859375,13316.9296875,31626.0
2023-08-18,70.07540893554688,38.400001525878906,34500.66015625,7164.10986328125,7262.39990234375,15574.259765625,4369.7099609375,17950.849609375,13290.7802734375,31450.759765625
2023-08-21,69.73921966552734,38.4900016784668,34463.69140625,7198.06005859375,7257.7998046875,15603.2802734375,4399.77001953125,17623.2890625,13497.58984375,31565.640625
2023-08-22,69.8282241821289,38.40999984741211,34288.828125,7240.8798828125,7270.7998046875,15705.6201171875,4387.5498046875,17791.009765625,13505.8701171875,31856.7109375
2023-08-23,70.46104431152344,39.02000045776367,34472.98046875,7246.6201171875,7320.5,15728.41015625,4436.009765625,17845.919921875,13721.0302734375,32010.259765625
2023-08-24,70.29293823242188,38.869998931884766,34099.421875,7214.4599609375,7333.60009765625,15621.490234375,4376.31005859375,18212.169921875,13463.9697265625,32287.2109375
2023-08-25,70.29293823242188,38.90999984741211,34346.8984375,7229.60009765625,7338.60009765625,15631.8203125,4405.7099609375,18119.390625,13590.650390625,31624.279296875
2023-08-28,70.4214859008789,39.290000915527344,34559.98046875,7324.7099609375,7338.60009765625,15792.6103515625,4433.31005859375,18130.740234375,13705.1298828125,32169.990234375
2023-08-29,70.85655212402344,39.790000915527344,34852.671875,7373.43017578125,7465.0,15930.8798828125,4497.6298828125,18484.029296875,13943.759765625,32226.970703125
2023-08-30,70.82688903808594,39.65999984741211,34890.23828125,7364.39990234375,7473.7001953125,15891.9296875,4514.8701171875,18482.859375,14019.3095703125,32333.4609375
2023-08-31,70.94554138183594,39.16999816894531,34721.91015625,7316.7001953125,7439.10009765625,15947.080078125,4507.66015625,18382.060546875,14034.9697265625,32619.33984375
2023-09-01,70.6044692993164,39.630001068115234,34837.7109375,7296.77001953125,7464.5,15840.33984375,4515.77001953125,18382.060546875,14031.8095703125,32710.619140625
2023-09-05,70.21778869628906,39.310001373291016,34641.96875,7254.72021484375,7437.89990234375,15771.7099609375,4496.830078125,18456.91015625,14020.9501953125,33036.76171875
2023-09-06,70.13845825195312,39.09000015258789,34443.19140625,7194.08984375,7426.10009765625,15741.3701171875,4465.47998046875,18449.98046875,13872.4697265625,33241.01953125
2023-09-07,70.37642669677734,38.630001068115234,34500.73046875,7196.10009765625,7441.7001953125,15718.66015625,4451.14013671875,18202.0703125,13748.830078125,32991.078125
2023-09-08,70.39625549316406,38.709999084472656,34576.58984375,7240.77001953125,7478.2001953125,15740.2998046875,4457.490234375,18202.0703125,13761.5302734375,32606.83984375
2023-09-11,70.28718566894531,39.189998626708984,34663.71875,7278.27001953125,7496.89990234375,15800.990234375,4487.4599609375,18096.44921875,13917.8896484375,32467.759765625
2023-09-12,70.33676147460938,39.06999969482422,34645.98828125,7252.8798828125,7527.5,15715.5302734375,4461.89990234375,18025.890625,13773.6103515625,32776.37109375
2023-09-13,70.44583129882812,39.02000045776367,34575.53125,7222.56982421875,7526.0,15654.0302734375,4467.43994140625,18009.220703125,13813.58984375,32706.51953125
2023-09-14,70.32684326171875,39.279998779296875,34907.109375,7308.669921875,7673.10009765625,15805.2900390625,4505.10009765625,18047.919921875,13926.0498046875,33168.1015625
2023-09-15,70.18804168701172,39.130001068115234,34618.23828125,7378.81982421875,7711.39990234375,15893.5302734375,4450.31982421875,18182.890625,13708.330078125,33533.08984375
2023-09-18,70.25743865966797,39.08000183105469,34624.30078125,7276.14013671875,7652.89990234375,15727.1201171875,4453.52978515625,17930.55078125,13710.240234375,33533.08984375
2023-09-19,70.10871887207031,38.849998474121094,34517.73046875,7282.1201171875,7660.2001953125,15664.48046875,4443.9501953125,17997.169921875,13678.1904296875,33242.58984375
2023-09-20,70.01948547363281,38.689998626708984,34440.87890625,7330.7900390625,7731.7001953125,15781.58984375,4402.2001953125,17885.599609375,13469.1298828125,33023.78125
2023-09-21,69.5832290649414,38.02000045776367,34070.421875,7213.89990234375,7678.60009765625,15571.8603515625,4330.0,17655.41015625,13223.98046875,32571.029296875
2023-09-22,69.87075805664062,38.470001220703125,33963.83984375,7184.81982421875,7683.89990234375,15557.2900390625,4320.06005859375,18057.44921875,13211.8095703125,32402.41015625
2023-09-25,69.35517883300781,38.29999923706055,34006.87890625,7123.8798828125,7624.0,15405.490234375,4337.43994140625,17729.2890625,13271.3203125,32678.619140625
2023-09-26,69.28577423095703,37.7599983215332,33618.87890625,7074.02001953125,7625.7001953125,15255.8701171875,4273.52978515625,17466.900390625,13063.6103515625,32315.05078125
2023-09-27,69.03789520263672,37.81999969482422,33550.26953125,7071.7900390625,7593.2001953125,15217.4501953125,4274.509765625,17611.869140625,13092.849609375,32371.900390625
2023-09-28,69.21636962890625,37.91999816894531,33666.33984375,7116.240234375,7601.89990234375,15323.5,4299.7001953125,17373.029296875,13201.2802734375,31872.51953125
2023-09-29,69.1866226196289,37.95000076293945,33507.5,7135.06005859375,7608.10009765625,15386.580078125,4288.0498046875,17809.66015625,13219.3203125,31857.619140625
2023-10-02,68.71138763427734,37.7599983215332,33433.3515625,7068.16015625,7510.7001953125,15247.2099609375,4288.39013671875,17809.66015625,13307.76953125,31759.880859375
2023-10-03,68.15461730957031,37.2599983215332,33002.37890625,6997.0498046875,7470.2001953125,15085.2099609375,4229.4501953125,17331.220703125,13059.4697265625,31237.939453125
2023-10-04,68.60202026367188,37.150001525878906,33129.55078125,6996.72998046875,7412.5,15099.919921875,4263.75,17195.83984375,13236.009765625,30526.880859375
2023-10-05,68.6517333984375,37.290000915527344,33119.5703125,6998.25,7451.5,15070.2197265625,4258.18994140625,17213.869140625,13219.830078125,31075.359375
2023-10-06,68.38328552246094,37.83000183105469,33407.578125,7060.14990234375,7494.60009765625,15229.76953125,4308.5,17485.98046875,13431.33984375,30994.669921875
2023-10-09,69.07925415039062,37.650001525878906,33604.6484375,7021.39990234375,7492.2001953125,15128.1103515625,4335.66015625,17517.400390625,13484.240234375,30994.669921875
2023-10-10,69.00965118408203,38.189998626708984,33739.30078125,7162.43017578125,7628.2001953125,15423.51953125,4358.240234375,17664.73046875,13562.83984375,31746.529296875
2023-10-11,69.32781219482422,38.43000030517578,33804.87109375,7131.2099609375,7620.0,15460.009765625,4376.9501953125,17893.099609375,13659.6796875,31936.509765625
2023-10-12,68.73126220703125,38.0,33631.140625,7104.52978515625,7644.7998046875,15425.0302734375,4349.60986328125,18238.2109375,13574.2197265625,32494.66015625
2023-10-13,69.04942321777344,37.86000061035156,33670.2890625,7003.52978515625,7599.60009765625,15186.66015625,4327.77978515625,17813.44921875,13407.23046875,32315.990234375
2023-10-16,68.69149780273438,38.13999938964844,33984.5390625,7022.18994140625,7630.60009765625,15237.990234375,4373.6298828125,17640.359375,13567.98046875,31659.029296875
2023-10-17,68.24409484863281,38.040000915527344,33997.6484375,7029.7001953125,7675.2001953125,15251.6904296875,4373.2001953125,17773.33984375,13533.75,32040.2890625
2023-10-18,67.9458236694336,37.459999084472656,33665.078125,6965.990234375,7588.0,15094.91015625,4314.60009765625,17732.51953125,13314.2998046875,32042.25
2023-10-19,67.64755249023438,37.2400016784668,33414.171875,6921.3701171875,7499.5,15045.23046875,4278.0,17295.890625,13186.1796875,31430.619140625
2023-10-20,67.89611053466797,36.790000915527344,33127.28125,6816.22021484375,7402.10009765625,14798.4697265625,4224.16015625,17172.130859375,12983.8095703125,31259.359375
2023-10-23,68.15461730957031,36.7599983215332,32936.41015625,6850.47021484375,7374.7998046875,14800.7197265625,4217.0400390625,17172.130859375,13018.330078125,30999.55078125
2023-10-24,68.38328552246094,37.22999954223633,33141.37890625,6893.64990234375,7389.7001953125,14879.9404296875,4247.68017578125,16991.529296875,13139.8701171875,31062.349609375
2023-10-25,67.86628723144531,36.7400016784668,33035.9296875,6915.06982421875,7414.2998046875,14892.1796875,4186.77001953125,17085.330078125,12821.2197265625,31269.919921875
2023-10-26,68.3236312866211,36.560001373291016,32784.30078125,6888.9599609375,7354.60009765625,14731.0498046875,4137.22998046875,17044.609375,12595.6103515625,30601.779296875
2023-10-27,68.3236312866211,36.529998779296875,32417.58984375,6795.3798828125,7291.2998046875,14687.41015625,4117.3701171875,17398.73046875,12643.009765625,30991.689453125
2023-10-30,68.15461730957031,36.90999984741211,32928.9609375,6825.06982421875,7327.39990234375,14716.5400390625,4166.81982421875,17406.359375,12789.48046875,30696.9609375
2023-10-31,68.13472747802734,36.70000076293945,33052.87109375,6885.64990234375,7321.7001953125,14810.33984375,4193.7998046875,17112.48046875,12851.240234375,30858.849609375
2023-11-01,68.79586791992188,37.040000915527344,33274.578125,6932.6298828125,7342.39990234375,14923.26953125,4237.85986328125,17101.779296875,13061.4697265625,31601.650390625
2023-11-02,69.19474029541016,37.689998626708984,33839.078125,7060.68994140625,7446.5,15143.599609375,4317.77978515625,17230.58984375,13294.1904296875,31949.890625
2023-11-03,69.60359191894531,38.459999084472656,34061.3203125,7047.5,7417.7001953125,15189.25,4358.33984375,17664.119140625,13478.2802734375,31949.890625
2023-11-06,69.30442810058594,38.77000045776367,34095.859375,7013.72998046875,7417.7998046875,15135.9697265625,4365.97998046875,17966.58984375,13518.7802734375,32708.48046875
2023-11-07,69.6534423828125,38.70000076293945,34152.6015625,6986.22998046875,7410.0,15152.6396484375,4378.3798828125,17670.16015625,13639.8603515625,32271.8203125
2023-11-08,69.8728256225586,38.439998626708984,34112.26953125,7034.16015625,7401.7001953125,15229.599609375,4382.77978515625,17568.4609375,13650.41015625,32166.48046875
2023-11-09,69.35429382324219,38.08000183105469,33891.94140625,7113.66015625,7455.7001953125,15352.5400390625,4347.35009765625,17511.2890625,13521.4501953125,32646.4609375
2023-11-10,69.48392486572266,38.349998474121094,34283.1015625,7045.0400390625,7360.60009765625,15234.3896484375,4415.240234375,17203.259765625,13798.1103515625,32568.109375
2023-11-13,69.46398162841797,38.34000015258789,34337.87109375,7087.06005859375,7425.7998046875,15345.0,4411.5498046875,17426.2109375,13767.740234375,32585.109375
2023-11-14,70.31159210205078,39.36000061035156,34827.69921875,7185.68017578125,7440.5,15614.4296875,4495.7001953125,17396.859375,14094.3798828125,32695.9296875
2023-11-15,69.92269134521484,39.689998626708984,34991.2109375,7209.60986328125,7486.89990234375,15748.169921875,4502.8798828125,18079.0,14103.83984375,33519.69921875
2023-11-16,70.34150695800781,39.310001373291016,34945.46875,7168.39990234375,7411.0,15786.6103515625,4508.240234375,17832.8203125,14113.669921875,33424.41015625
2023-11-17,70.44122314453125,39.36000061035156,34947.28125,7233.91015625,7504.2998046875,15919.16015625,4514.02001953125,17454.189453125,14125.48046875,33585.19921875
2023-11-20,70.54093933105469,39.849998474121094,35151.0390625,7246.93017578125,7496.39990234375,15901.330078125,4547.3798828125,17778.0703125,14284.5302734375,33388.03125
2023-11-21,70.64065551757812,39.599998474121094,35088.2890625,7229.4501953125,7482.0,15900.5302734375,4538.18994140625,17733.890625,14199.98046875,33354.140625
2023-11-22,70.70049285888672,39.52000045776367,35273.03125,7260.72998046875,7469.5,15957.8203125,4556.6201171875,17734.599609375,14265.8603515625,33451.828125
2023-11-24,70.36144256591797,39.540000915527344,35390.1484375,7292.7998046875,7488.2001953125,16029.490234375,4559.33984375,17559.419921875,14250.849609375,33625.53125
2023-11-27,70.79023742675781,39.380001068115234,35333.46875,7265.490234375,7460.7001953125,15966.3701171875,4550.43017578125,17525.060546875,14241.01953125,33447.671875
2023-11-28,71.08939361572266,39.709999084472656,35416.98046875,7250.1298828125,7455.2001953125,15992.669921875,4554.89013671875,17354.140625,14281.759765625,33408.390625
2023-11-29,71.45835876464844,39.47999954223633,35430.421875,7267.64013671875,7423.5,16166.4501953125,4550.580078125,16993.439453125,14258.490234375,33321.21875
2023-11-30,71.22900390625,39.560001373291016,35950.890625,7310.77001953125,7453.7998046875,16215.4296875,4567.7998046875,17042.880859375,14226.2197265625,33486.890625
2023-12-01,71.80999755859375,39.72999954223633,36245.5,7346.14990234375,7529.39990234375,16397.51953125,4594.6298828125,16830.30078125,14305.0302734375,33431.51171875
